epoch,train_loss,train_accuracy,val_loss,val_accuracy
1,0.02432069276508532,0.0,4.616251035170122,0.0
1,0.048599325983147874,6.25,4.621932376514781,0.0
1,0.07266616068388286,11.458333333333334,4.638408236070113,0.0
1,0.09631355687191612,14.0625,4.691141839460893,0.0
1,0.1188081189205772,15.625,4.942744601856578,0.0
1,0.1409015831194426,15.104166666666666,5.7474894957108935,0.0
1,0.16235462991814864,15.178571428571429,5.331291970339689,0.0
1,0.1794450044631958,17.1875,5.565194823525169,0.0
1,0.2011882970207616,16.319444444444443,5.175450801849365,0.0
1,0.22237653606816343,15.9375,4.979619294946844,0.0
1,0.24155620022823937,16.477272727272727,5.150658009269021,0.0
1,0.26053880139401087,16.40625,5.516881994767623,0.0
1,0.27908678305776496,16.826923076923077,6.063533800298518,0.0
1,0.2963826681438245,16.294642857142858,6.413009834289551,0.0
1,0.31821046628450095,16.041666666666668,6.300367563421076,0.0
1,0.3378062536841945,16.796875,6.067567521875555,0.0
1,0.3580119208285683,16.727941176470587,5.827510885758834,0.0
1,0.3778221569563213,16.84027777777778,5.40313586321744,0.0
1,0.39745004177093507,17.43421052631579,5.078063522685658,0.0
1,0.4145963330017893,18.125,5.0190807862715285,0.0
1,0.43370907557638066,18.303571428571427,5.0563663742759015,0.0
1,0.4519856641167089,18.607954545454547,5.34947188984264,0.0
1,0.4700780755595157,19.157608695652176,5.394849482449618,0.0
1,0.48943997307827597,19.661458333333332,5.044695698131214,0.0
1,0.5090770821822317,19.625,4.98104737888683,0.0
1,0.5261954495781347,20.432692307692307,5.102483792738481,0.0
1,0.5446028809798391,20.71759259259259,5.357064481215043,0.0
1,0.5624283263557835,21.205357142857142,5.437960841438987,0.0
1,0.574428351301896,22.30603448275862,5.606091837449507,0.0
1,0.5906182916540849,22.708333333333332,5.6366239027543505,0.0
1,0.609604569485313,22.782258064516128,5.408527296239679,0.0
1,0.6298287780661332,22.55859375,5.1514703403819695,0.0
1,0.646969064913298,22.916666666666668,5.063336779854515,0.0
1,0.6603018710487767,23.529411764705884,5.081253103776412,0.0
1,0.6765656395962364,23.75,5.165349388122559,0.0
1,0.6938176807604338,23.697916666666668,5.289426240054044,0.0
1,0.7081673157842536,24.155405405405407,5.4414325280623,0.0
1,0.7275616846586529,24.013157894736842,5.465177986838601,0.0
1,0.7418319702148437,24.599358974358974,5.451242325522683,0.0
1,0.7609469890594482,24.6875,5.369907006350431,0.0
1,0.7748587746369211,25.0,5.314577371423895,0.0
1,0.7924670370001542,25.223214285714285,5.2568753936074,0.0
1,0.8031572944239567,26.017441860465116,5.314142582633279,0.0
1,0.8196459745105944,26.27840909090909,5.348247146606445,0.0
1,0.8372684591694882,26.319444444444443,5.348395555669611,0.0
1,0.8507787604081003,26.69836956521739,5.336124524203214,0.0
1,0.8662574818259792,26.99468085106383,5.341904371434992,0.0
1,0.8845570677205136,26.953125,5.410114617781206,0.0
1,0.9028909256583766,27.040816326530614,5.412194954265248,0.0
1,0.9225774162694027,26.75,5.364356769214977,0.0
1,0.9436893814488461,26.59313725490196,5.3349918192083186,0.0
1,0.9607865070041858,26.74278846153846,5.343775757876309,0.0
1,0.9798699905997829,26.53301886792453,5.274123425917192,0.0
1,0.9952214943735223,26.62037037037037,5.172637202522972,0.0
1,1.010178199567293,26.818181818181817,5.151290321350098,0.0
1,1.025933423795198,27.064732142857142,5.212205106561834,0.0
1,1.0414216392918636,27.357456140350877,5.283822865919634,0.0
1,1.0534832414827848,27.85560344827586,5.465408671985973,0.0
1,1.0688852448212474,28.072033898305083,5.472079251029275,0.0
1,1.0806486041922319,28.385416666666668,5.617287124286999,0.0
1,1.0972935450704475,28.58606557377049,5.719985129616477,0.0
1,1.1136002038654529,28.72983870967742,5.475585001165217,0.05763688760806916
1,1.1270364535482307,28.918650793650794,5.341714746301824,0.0
1,1.143958682762949,28.955078125,5.376397497003729,0.0
1,1.1570872055856805,29.182692307692307,5.4541458043185145,0.0
1,1.16860164968591,29.498106060606062,5.512743949890137,0.0
1,1.1843164268292878,29.57089552238806,5.535378352078524,0.0
1,1.2023247555682535,29.503676470588236,5.497819796475497,0.05763688760806916
1,1.2233935870622334,29.21195652173913,5.393417332389138,0.11527377521613832
1,1.2369477384968808,29.330357142857142,5.269830053502863,0.2881844380403458
1,1.251951469873127,29.357394366197184,5.246831191669811,0.5187319884726225
1,1.2669769349851105,29.383680555555557,5.390997054360129,0.8645533141210374
1,1.2846790552139282,29.366438356164384,5.336379311301491,0.8069164265129684
1,1.3006051151376021,29.34966216216216,5.308473222905939,0.5763688760806917
1,1.316259136952852,29.416666666666668,5.349862011996183,0.23054755043227665
1,1.3308184912330225,29.481907894736842,5.450961702520197,0.11527377521613832
1,1.34121139990656,29.748376623376622,5.65281604420055,0.05763688760806916
1,1.354613819247798,29.887820512820515,5.663570326024836,0.05763688760806916
1,1.3674707707605864,30.102848101265824,5.537140022624623,0.0
1,1.382099227528823,30.15625,5.439356179670854,0.0
1,1.3954873016006069,30.401234567901234,5.442344717545943,0.0
1,1.4101166894561366,30.5640243902439,5.477235083146529,0.0
1,1.4251256484734385,30.72289156626506,5.520548144253818,0.0
1,1.4371127787389253,30.952380952380953,5.599328578602184,0.0
1,1.4531197805153697,31.029411764705884,5.696373636072332,0.0
1,1.4677126075092115,31.177325581395348,5.630680257623846,0.0
1,1.484078401640842,31.214080459770116,5.6377922058105465,0.0
1,1.4965582991901196,31.392045454545453,5.533215288682418,0.0
1,1.5102629178448728,31.495786516853933,5.443272547288374,0.0
1,1.520803241353286,31.73611111111111,5.40588152625344,0.0
1,1.535934509101667,31.79945054945055,5.315669657967307,0.0
1,1.5494386214958995,31.86141304347826,5.268667888641358,0.0
1,1.5633921403633921,31.85483870967742,5.314750350605358,0.0
1,1.5762530157440586,32.014627659574465,5.452723537791859,0.0
1,1.5888564065883035,32.203947368421055,5.638415579362349,0.0
1,1.6019441711275202,32.259114583333336,5.722279097817161,0.0
1,1.6127866274432132,32.506443298969074,5.870320822975852,0.0
1,1.626153838634491,32.557397959183675,5.742867426438765,0.0
1,1.638080760679747,32.73358585858586,5.674426859075373,0.0
1,1.6493501293031794,32.84375,5.893924739144065,0.0
1,1.661139062203859,33.01361386138614,6.285545695911754,0.0
1,1.6786986018482009,33.057598039215684,6.38966290734031,0.0
1,1.6938697520055268,33.161407766990294,6.091641833565452,0.0
1,1.7073615858429356,33.26322115384615,5.783516771143133,0.0
1,1.7201948649004886,33.392857142857146,5.668922675739635,0.0
1,1.7290280687181574,33.66745283018868,5.775175259330056,0.0
1,1.741147946683984,33.76168224299065,5.969738830219615,0.0
1,1.7536059235271655,33.969907407407405,6.066529221968217,0.0
1,1.7708240214147066,33.91628440366973,6.005418248610063,0.0
1,1.7843358422580518,34.0625,5.818675873496316,0.0
1,1.79873244448712,34.093468468468465,5.679704154621471,0.0
1,1.813275841035341,34.1796875,5.647455822337758,0.0
1,1.8251826493363632,34.264380530973455,5.771892348202792,0.0
1,1.8415614284967121,34.26535087719298,5.835245132446289,0.0
1,1.8560333898192958,34.34782608695652,5.854184514825994,0.0
1,1.8720388945780302,34.40193965517241,5.6183523438193586,0.0
1,1.8834398966086539,34.53525641025641,5.47258091839877,0.0
1,1.8981860455713775,34.639830508474574,5.4146660631353205,0.0
1,1.9065167006693389,34.87394957983193,5.5348456902937455,0.0
1,1.918043910202227,34.973958333333336,5.700417180494829,0.0
1,1.929592057905699,34.9948347107438,5.850817584991455,0.0
1,1.9430167781679253,35.040983606557376,5.87413123737682,0.0
1,1.953744832465523,35.16260162601626,6.084350542588667,0.0
1,1.9653402171636882,35.332661290322584,6.39584831757979,0.0
1,1.9847175704805475,35.275,6.29327807859941,0.0
1,1.9955874298748217,35.39186507936508,6.115268065712669,0.0
1,2.0084363906007066,35.482283464566926,5.934088290821422,0.0
1,2.022780386397713,35.5224609375,5.851802583174272,0.0
1,2.035324375880392,35.63468992248062,5.8009944655678485,0.0
1,2.048890735601124,35.69711538461539,5.8166848442771215,0.0
1,2.0620228698379117,35.80629770992366,5.817736495624889,0.0
1,2.0707569367007204,36.00852272727273,5.9240138487382366,0.0
1,2.0857516433063306,36.01973684210526,6.125771063024348,0.0
1,2.0970909840182252,36.14738805970149,6.397652391953902,0.0
1,2.108921492099762,36.226851851851855,6.673120013150302,0.0
1,2.1217167559422943,36.328125,6.812396378950639,0.0
1,2.132258850022366,36.519160583941606,6.746305309642445,0.0
1,2.1439004703571922,36.61684782608695,6.5406708890741525,0.0
1,2.1560125219194513,36.75809352517986,6.267756280032072,0.0
1,2.1643048004100196,36.941964285714285,6.077754983035001,0.0
1,2.174085245006963,37.101063829787236,6.00259522524747,0.0
1,2.18307431246105,37.27992957746479,6.019182985479182,0.0
1,2.195087923501667,37.34702797202797,6.039455093036999,0.0
1,2.2059204565851314,37.5,6.160282265056264,0.0
1,2.2184803862320748,37.543103448275865,6.281266290491278,0.0
1,2.2290618055745175,37.67123287671233,6.284482661160555,0.0
1,2.241964709131341,37.79761904761905,6.1650232488458805,0.0
1,2.2548289374301307,37.8589527027027,6.15088116905906,0.0
1,2.2681486895209866,37.919463087248324,6.162875140797008,0.0
1,2.2840180409582036,37.875,6.014534915577282,0.0
1,2.2969930937415675,37.913907284768214,5.962514972686767,0.0
1,2.309798640953867,37.93174342105263,5.971537451310591,0.0
1,2.321380080674824,38.03104575163399,6.031430703943426,0.0
1,2.330396578186437,38.189935064935064,6.243913416429,0.0
1,2.347570424330862,38.145161290322584,6.301543339816007,0.0
1,2.3601140285793103,38.14102564102564,6.246638306704434,0.0
1,2.37352895109277,38.19665605095541,5.982246433604847,0.0
1,2.384028813086058,38.31091772151899,5.91315221786499,0.0
1,2.3974640727043153,38.305817610062896,5.927313735268333,0.0
1,2.4094609693477027,38.37890625,5.907092224467885,0.0
1,2.425770113970104,38.33462732919255,5.8216551260514695,0.0
1,2.442034251438944,38.31018518518518,5.798764714327725,0.0
1,2.454401121014043,38.4010736196319,5.757254080338911,0.0
1,2.4636166014169394,38.52896341463415,5.796383987773549,0.0
1,2.476413181580995,38.59848484848485,5.817295993458141,0.0
1,2.4905351080392535,38.55421686746988,5.910655801946467,0.0
1,2.5028698149480317,38.566616766467064,5.952024442499334,0.0
1,2.514691930695584,38.65327380952381,5.9958755059675735,0.0
1,2.5287521468965632,38.68343195266272,5.953220558166504,0.0
1,2.5405683059441415,38.75,5.928437787836248,0.0
1,2.5490085043405233,38.90716374269006,6.0844433524391865,0.0
1,2.560693397647456,38.971656976744185,6.290800814195113,0.0
1,2.5705893353412024,39.07153179190752,6.439921760559082,0.0
1,2.584587294177005,39.098419540229884,6.4169229594143955,0.0
1,2.5935080634920222,39.214285714285715,6.310957977988503,0.0
1,2.606458862831718,39.22230113636363,6.1465715668418195,0.0
1,2.618323159845252,39.26553672316384,6.084290738539262,0.0
1,2.6297082631211532,39.325842696629216,6.009719389135188,0.0
1,2.6411524452661213,39.40293296089386,5.956480173631148,0.0
1,2.6518579263436166,39.479166666666664,5.957487175681374,0.0
1,2.6634527626790496,39.53729281767956,6.020804699984464,0.0
1,2.676312375696082,39.54326923076923,6.057123253562233,0.0
1,2.6848673619722065,39.65163934426229,6.125202534415505,0.0
1,2.6950146380223727,39.69089673913044,6.206233059276234,0.0
1,2.7037328230707267,39.7972972972973,6.251569106362083,0.0
1,2.7172457481685437,39.784946236559136,6.28832105289806,0.0
1,2.730678606033325,39.856283422459896,6.374715909090909,0.0
1,2.742446298348276,39.92686170212766,6.43694939179854,0.0
1,2.7548686567105745,39.98015873015873,6.4860099445689805,0.0
1,2.764493208809903,40.062572040177834,6.520469119332054,0.0
2,0.31170724567614105,15.625,6.699771100824529,0.0
2,0.32427743736066317,32.8125,6.762841146642511,0.0
2,0.3304356305222762,47.916666666666664,7.200927422263406,0.0
2,0.3444707575597261,49.21875,7.679069926521995,0.0
2,0.3599121376087791,50.0,7.733186002211137,0.0
2,0.37540888221640334,47.916666666666664,7.3452850948680535,0.0
2,0.39014116651133485,46.875,6.968404908613725,0.0
2,0.4054824345990231,45.3125,7.2570083358071065,0.0
2,0.4167272448539734,46.18055555555556,7.60320503061468,0.0
2,0.4260990770239579,47.5,7.571304260600697,0.0
2,0.4395318407761423,47.44318181818182,6.837420463562012,0.0
2,0.4550549017755609,46.875,6.657978829470548,0.0
2,0.471343910066705,45.67307692307692,6.575054376775568,0.0
2,0.48698199297252454,45.535714285714285,6.365872833945534,0.0
2,0.5015670136401528,44.791666666666664,6.165869374708696,0.0
2,0.514895590982939,44.3359375,6.218460360440341,0.0
2,0.5266137273688065,44.11764705882353,6.212170765616677,0.0
2,0.5428070921646921,43.40277777777778,6.188693809509277,0.0
2,0.5540613776759098,43.75,6.527905394814232,0.0
2,0.5634084444296987,44.375,6.914023217287931,0.0
2,0.5766434939284074,44.19642857142857,7.09913441918113,0.0
2,0.589808199907604,44.03409090909091,7.230388814752752,0.0
2,0.6046646952629089,44.02173913043478,7.2873208912936125,0.0
2,0.6198007577343991,43.75,7.237572834708474,0.0
2,0.6284145543449804,44.5,7.508035997910933,0.0
2,0.6410636211696424,44.71153846153846,7.102562618255615,0.0
2,0.6533595750206396,45.023148148148145,6.909025330977006,0.0
2,0.6670112735346744,45.200892857142854,6.987406184456566,0.0
2,0.6791319382818122,45.366379310344826,6.617117552323775,0.0
2,0.6893089463836268,45.625,6.353272351351651,0.0
2,0.699950353095406,45.96774193548387,6.2418172229420055,0.0
2,0.7140492985123083,45.60546875,6.179437429254706,0.0
2,0.7291473545526204,45.73863636363637,6.034279936010187,0.0
2,0.7417454474850704,45.68014705882353,5.938879351182417,0.0
2,0.7591563243614999,45.267857142857146,5.944444274902343,0.0
2,0.7721583924795452,45.39930555555556,6.119293316927823,0.0
2,0.787634383377276,45.016891891891895,6.200389220497825,0.0
2,0.802994460181186,44.81907894736842,6.180014792355624,0.0
2,0.8127264135762264,45.032051282051285,6.200929346951571,0.0
2,0.8259724654649433,45.078125,6.146355308185925,0.0
2,0.8371490353032163,45.27439024390244,6.00679424459284,0.0
2,0.8484865489758944,45.461309523809526,5.8543548150496045,0.0
2,0.8609688658463327,45.49418604651163,5.748465824127197,0.0
2,0.87182919853612,45.52556818181818,5.73191536990079,0.0
2,0.88159490761004,45.55555555555556,5.833373347195712,0.0
2,0.8930694805948358,45.65217391304348,5.9863687081770465,0.0
2,0.9057877716265227,45.611702127659576,6.198343918540261,0.0
2,0.913791519089749,45.8984375,6.387724486264315,0.0
2,0.9278689089574312,45.72704081632653,6.524744458632036,0.0
2,0.939599338958138,45.8125,6.591008151661266,0.0
2,0.9521391372931631,45.64950980392157,6.673762113397772,0.0
2,0.9633099148147984,45.79326923076923,6.65999194058505,0.0
2,0.9746286812581514,45.931603773584904,6.650449666109952,0.0
2,0.9822595144573011,46.2962962962963,6.697281117872758,0.0
2,0.995245183141608,46.36363636363637,6.726391436836936,0.0
2,1.0058067961743002,46.484375,6.726942157745361,0.0
2,1.0150892546302395,46.71052631578947,6.7242903449318625,0.0
2,1.031315447154798,46.605603448275865,6.633561871268532,0.0
2,1.0436173489219265,46.610169491525426,6.500198659029874,0.0
2,1.0521535634994508,46.822916666666664,6.410664506392045,0.0
2,1.0623411881296259,46.97745901639344,6.346612358093262,0.0
2,1.0728740817622135,47.07661290322581,6.282992805134167,0.0
2,1.08204425573349,47.32142857142857,6.275198450955478,0.0
2,1.0901603052490636,47.55859375,6.3361893653869625,0.0
2,1.0992239079977337,47.64423076923077,6.402243796261874,0.0
2,1.111435972389422,47.63257575757576,6.384054114601829,0.0
2,1.1226784888066743,47.76119402985075,6.433276792006059,0.0
2,1.1342785540379976,47.794117647058826,6.416461719166149,0.0
2,1.146528910963159,47.780797101449274,6.378172267567027,0.0
2,1.1569438840213575,48.035714285714285,6.2168267336758705,0.0
2,1.166441705979799,48.151408450704224,6.178872117129239,0.0
2,1.1790440277049417,48.177083333333336,6.133415907079523,0.0
2,1.1901818645627875,48.24486301369863,6.211334792050448,0.0
2,1.2009462162068016,48.226351351351354,6.343415225635876,0.0
2,1.2103678207648427,48.375,6.504476096413352,0.0
2,1.2242449779259532,48.23190789473684,6.592528672651811,0.0
2,1.2345969953035054,48.33603896103896,6.603923814946955,0.0
2,1.2460612911927074,48.3974358974359,6.556904610720548,0.0
2,1.2546754749197708,48.61550632911393,6.560250247608532,0.0
2,1.2665219997104846,48.59375,6.575631124323064,0.0
2,1.2755424537156757,48.76543209876543,6.565280888297341,0.0
2,1.2847949561319854,48.85670731707317,6.592483381791548,0.0
2,1.2928564573589125,49.0210843373494,6.654962461644953,0.0
2,1.2998579232316267,49.18154761904762,6.7637416146018285,0.0
2,1.3092095801704808,49.3014705882353,6.859334572878751,0.0
2,1.3186083749720925,49.309593023255815,6.849698864329945,0.0
2,1.3286443038990623,49.42528735632184,6.807670810005882,0.05763688760806916
2,1.3381297324833117,49.50284090909091,6.722776369615034,0.1729106628242075
2,1.3478491952544764,49.61376404494382,6.697799223119563,0.1729106628242075
2,1.3541533206638536,49.861111111111114,6.737437508322976,0.1729106628242075
2,1.3622869397464552,50.03434065934066,6.801965652812611,0.1729106628242075
2,1.3729448036143654,50.13586956521739,6.841886034878818,0.2881844380403458
2,1.3784119135455082,50.47043010752688,6.849532838301225,0.4034582132564842
2,1.3900660081913596,50.53191489361702,6.8322817108847875,0.4034582132564842
2,1.4016333435711108,50.526315789473685,6.800289492173628,0.5187319884726225
2,1.4147770273058038,50.48828125,6.771067133816806,0.5187319884726225
2,1.4227643540031032,50.61211340206186,6.778036238930442,0.69164265129683
2,1.4361283101533588,50.63775510204081,6.754369423606179,0.6340057636887608
2,1.4445122091393723,50.78914141414141,6.750892621820623,0.6340057636887608
2,1.4569183926833302,50.625,6.664429950714111,0.5763688760806917
2,1.4680162680776496,50.68069306930693,6.572037809545344,0.5763688760806917
2,1.4787924879475645,50.79656862745098,6.406380107186058,0.2881844380403458
2,1.486445128917694,50.87985436893204,6.29778451052579,0.23054755043227665
2,1.4945900327280948,50.96153846153846,6.265424459630792,0.2881844380403458
2,1.5042637881479766,50.95238095238095,6.281012959913774,0.4034582132564842
2,1.5129865483233804,51.06132075471698,6.318998215415261,0.4034582132564842
2,1.5245908009378533,50.992990654205606,6.423479669744318,0.2881844380403458
2,1.5340457853518035,50.954861111111114,6.558899107846346,0.345821325648415
2,1.5463376848321213,50.86009174311926,6.625711024891246,0.23054755043227665
2,1.5584679528286582,50.82386363636363,6.672878638180819,0.23054755043227665
2,1.5665007930052908,50.929054054054056,6.785522747039795,0.23054755043227665
2,1.5766403756643597,51.004464285714285,6.824073002555154,0.1729106628242075
2,1.5862995643364757,51.02323008849557,6.746621868827126,0.1729106628242075
2,1.595609994938499,51.09649122807018,6.629145934365012,0.11527377521613832
2,1.6050970761399521,51.141304347826086,6.505497802387584,0.05763688760806916
2,1.6163382461196498,51.077586206896555,6.40715744712136,0.05763688760806916
2,1.6243222368390937,51.175213675213676,6.406332501498135,0.05763688760806916
2,1.6325539432073894,51.21822033898305,6.4412573034113105,0.05763688760806916
2,1.642686148693687,51.260504201680675,6.493913199684837,0.0
2,1.6493972307757327,51.380208333333336,6.563504375110973,0.0
2,1.660802077619653,51.34297520661157,6.609744280034845,0.0
2,1.670443794601842,51.4344262295082,6.642066461389715,0.0
2,1.6801970826952082,51.4989837398374,6.723650360107422,0.0
2,1.6923566598641244,51.51209677419355,6.736866465481845,0.0
2,1.7008048678699292,51.625,6.773057824915106,0.0
2,1.7084022660004465,51.711309523809526,6.843899934942072,0.05763688760806916
2,1.717076309103715,51.77165354330709,6.8986534985629,0.05763688760806916
2,1.7262729431453505,51.8310546875,6.94920430616899,0.05763688760806916
2,1.735377754035749,51.84108527131783,6.983991822329434,0.05763688760806916
2,1.7453820002706428,51.85096153846154,7.0061847079883925,0.1729106628242075
2,1.7526447365158482,51.95610687022901,7.012368176200173,0.23054755043227665
2,1.760808643541838,52.083333333333336,7.010149192810059,0.23054755043227665
2,1.7746759715833162,51.99718045112782,7.005786921761253,0.2881844380403458
2,1.7862901499396877,51.888992537313435,7.016510954770175,0.1729106628242075
2,1.797823815596731,51.851851851851855,7.007020880959251,0.2881844380403458
2,1.8092727560746042,51.861213235294116,6.98869273445823,0.345821325648415
2,1.8188649403421502,51.916058394160586,6.91629206050526,0.345821325648415
2,1.8273939942058763,51.992753623188406,6.786807276985862,0.4034582132564842
2,1.8347354543836494,52.068345323741006,6.7024944912303575,0.4034582132564842
2,1.8408199636559737,52.232142857142854,6.624207097833807,0.4034582132564842
2,1.8489522940234133,52.23847517730496,6.566066499189897,0.4610951008645533
2,1.8558950254791662,52.37676056338028,6.60518873388117,0.5187319884726225
2,1.8640423435913889,52.4256993006993,6.661349842765114,0.5763688760806917
2,1.874058116737165,52.45225694444444,6.745829616893421,0.6340057636887608
2,1.8816631938281811,52.564655172413794,6.844920643893155,0.6340057636887608
2,1.8933038617435254,52.632705479452056,6.803691248460249,0.69164265129683
2,1.901942421260633,52.65731292517007,6.682075873288241,0.69164265129683
2,1.9105771742369,52.744932432432435,6.578204172307795,0.69164265129683
2,1.9175471098799455,52.852348993288594,6.554698059775612,0.7492795389048992
2,1.9248002679724443,52.875,6.614124948328191,0.8645533141210374
2,1.9334289977425023,52.938741721854306,6.744621146808971,0.8069164265129684
2,1.9427980410425287,53.02220394736842,6.847660038687966,0.8645533141210374
2,1.9523112660960147,53.02287581699346,6.92119610526345,0.8645533141210374
2,1.965394323750546,52.96266233766234,6.8569966489618475,0.9221902017291066
2,1.9754514073070726,52.96370967741935,6.790998268127441,0.9221902017291066
2,1.9874466450590835,52.96474358974359,6.762083357030695,0.9221902017291066
2,1.995208291630996,53.02547770700637,6.7770302945917305,0.9221902017291066
2,2.004258075513338,53.02610759493671,6.786590038646351,0.8069164265129684
2,2.012900289736296,53.085691823899374,6.737401095303622,0.8645533141210374
2,2.023385613215597,53.14453125,6.729138885844837,0.8645533141210374
2,2.035466730594635,53.1055900621118,6.7968304113908244,0.7492795389048992
2,2.044082230015805,53.182870370370374,6.914174322648482,0.69164265129683
2,2.055197061990437,53.144171779141104,6.97528717734597,0.69164265129683
2,2.0656483135725323,53.16310975609756,7.063133664564653,0.7492795389048992
2,2.075437132935775,53.20075757575758,7.114546420357444,0.8069164265129684
2,2.0828602941412675,53.27560240963855,7.098359003933993,0.8645533141210374
2,2.0927301708020662,53.293413173652695,7.085800899158825,0.7492795389048992
2,2.1030584925099425,53.273809523809526,7.088089639490301,0.7492795389048992
2,2.1136691871442292,53.25443786982248,7.016133724559437,0.7492795389048992
2,2.1212961378850435,53.32720588235294,7.007537243582986,0.8645533141210374
2,2.1319701238682396,53.36257309941521,6.878723595359109,0.7492795389048992
2,2.145941284455751,53.25218023255814,6.651517642628063,0.7492795389048992
2,2.1515500783920287,53.341763005780344,6.555323973569003,0.5763688760806917
2,2.162845684352674,53.34051724137931,6.508372003381902,0.5187319884726225
2,2.1710273127806814,53.44642857142857,6.508455709977583,0.5187319884726225
2,2.1782655960635133,53.53338068181818,6.5499217120083895,0.4034582132564842
2,2.1837503150889748,53.654661016949156,6.626274759119207,0.4610951008645533
2,2.1927223450259157,53.651685393258425,6.7282918496565385,0.5763688760806917
2,2.19937966936513,53.736033519553075,6.852758849750866,0.69164265129683
2,2.208944909196151,53.767361111111114,6.914064173264937,0.69164265129683
2,2.2159520983695984,53.85013812154696,7.019359458576549,0.9221902017291066
2,2.2252513816482145,53.863324175824175,7.112685871124268,1.2103746397694524
2,2.23282723866011,53.94467213114754,7.175684322010387,1.2103746397694524
2,2.2410339242533635,53.974184782608695,7.208038278059526,1.2103746397694524
2,2.2505798647278232,54.054054054054056,7.235200465809215,1.095100864553314
2,2.259202980367761,54.01545698924731,7.244687548550693,0.9798270893371758
2,2.2699012674783408,54.0274064171123,7.177985694191673,0.69164265129683
2,2.2796278953552247,54.03922872340426,7.083855490251021,0.69164265129683
2,2.287317217023749,54.050925925925924,7.046858579462225,0.5763688760806917
2,2.2946111610061246,54.091882101103245,7.08520584973422,0.6340057636887608
3,1.2662998400236432,15.625,7.3944720268249515,0.05763688760806916
3,1.2760839355619331,35.9375,8.053937131708318,0.11527377521613832
3,1.2872197697037144,40.625,8.667474486611106,0.1729106628242075
3,1.3046691047517878,39.0625,10.056492406671698,0.8645533141210374
3,1.3236737483426144,40.625,13.114513085105202,0.9798270893371758
3,1.3472570701649313,40.104166666666664,16.57143686467951,0.5763688760806917
3,1.3737458611789504,40.625,17.298941681601786,0.345821325648415
3,1.4045369756849189,40.234375,14.510740262811835,0.9221902017291066
3,1.4340379671046608,39.583333333333336,11.476210923628374,0.8069164265129684
3,1.4511501770270498,40.3125,11.696259810707787,0.05763688760806916
3,1.4735627506908617,40.34090909090909,10.676902892372825,0.05763688760806916
3,1.4935301899909974,40.104166666666664,10.614237785339355,0.05763688760806916
3,1.517211245863061,39.18269230769231,10.372962708906694,0.11527377521613832
3,1.536851226028643,38.392857142857146,8.616747084530918,0.23054755043227665
3,1.5557664877489994,37.291666666666664,7.929025355252352,0.0
3,1.5716983174022876,37.6953125,8.205419245633212,0.0
3,1.5884632292546723,37.5,8.641019500385632,0.0
3,1.6053070375793859,37.673611111111114,8.784572783383457,0.11527377521613832
3,1.6216695729054902,37.99342105263158,8.641829976168546,0.1729106628242075
3,1.639352393777747,37.8125,8.24885365746238,0.05763688760806916
3,1.6576805371987193,37.94642857142857,8.017219144647772,0.11527377521613832
3,1.6711349468482168,38.49431818181818,7.899558812921698,0.0
3,1.6852684830364428,38.994565217391305,7.87165542082353,0.0
3,1.6981089033578571,39.713541666666664,7.755722410028631,0.0
3,1.7136137052586204,39.5,7.5678385561162775,0.0
3,1.728382828988527,39.42307692307692,7.348662532459606,0.0
3,1.7450596790564687,39.583333333333336,7.208280676061457,0.0
3,1.7567139995725531,40.17857142857143,7.197894235090776,0.0
3,1.7688664216744272,40.73275862068966,7.009749551252885,0.0
3,1.783200356207396,40.833333333333336,6.8408783912658695,0.0
3,1.7950758149749355,41.33064516129032,6.958122530850497,0.0
3,1.8089022529752632,41.30859375,7.194470561634411,0.0
3,1.8238460609787388,41.28787878787879,7.059926908666437,0.0
3,1.8364973036866439,41.544117647058826,7.014806782115589,0.0
3,1.8477532644020884,41.69642857142857,7.057002197612416,0.0
3,1.8601981257137499,41.75347222222222,6.767706073414196,0.0
3,1.87158989216152,41.891891891891895,6.4552872571078215,0.0
3,1.8822667893610503,42.26973684210526,6.4441888202320445,0.0
3,1.8929233318880985,42.62820512820513,6.451486396789551,0.0
3,1.904744941937296,42.734375,6.754979636452415,0.0
3,1.9190435604045266,42.53048780487805,7.020003526861017,0.0
3,1.929479578294252,42.708333333333336,7.156653803045099,0.0
3,1.9383807514843188,43.02325581395349,7.350474140860817,0.0
3,1.9455261562999926,43.75,7.512731370058927,0.0
3,1.959272973788412,43.81944444444444,7.320005321502686,0.0
3,1.9715777516365052,43.953804347826086,7.0880331472917035,0.0
3,1.9797912572559557,44.4813829787234,6.896585551175204,0.0
3,1.984578355362541,45.1171875,6.808719791065563,0.0
3,1.997958979481145,45.28061224489796,6.729635594107888,0.0
3,2.0119946147266186,45.3125,6.6070582823319866,0.0
3,2.0230204538295142,45.34313725490196,6.64319862018932,0.0
3,2.0333709152121293,45.49278846153846,6.69299803647128,0.05763688760806916
3,2.0417956847893564,45.695754716981135,6.805842087485574,0.11527377521613832
3,2.0490644781213057,46.12268518518518,6.9851900100708,0.1729106628242075
3,2.0578674385422153,46.36363636363637,7.139693797718395,0.2881844380403458
3,2.0682092484674954,46.54017857142857,7.197950328480114,0.4034582132564842
3,2.076348782840528,46.82017543859649,7.188670539855957,0.4034582132564842
3,2.086196804674048,47.036637931034484,7.060775696147572,0.345821325648415
3,2.0979644041312366,47.139830508474574,6.862086304751309,0.1729106628242075
3,2.1068786156804937,47.447916666666664,6.743182329698042,0.11527377521613832
3,2.118100300588106,47.43852459016394,6.634274638782848,0.1729106628242075
3,2.1284179053808514,47.631048387096776,6.629647662422874,0.4610951008645533
3,2.1394595842612416,47.767857142857146,6.621851686997847,0.7492795389048992
3,2.1497893565579465,47.802734375,6.620766076174649,0.8645533141210374
3,2.159979518463737,47.88461538461539,6.732906584306197,1.095100864553314
3,2.1690863715974906,48.15340909090909,6.872822934930975,1.2680115273775217
3,2.175397748068759,48.41417910447761,6.981821337613193,1.38328530259366
3,2.183380893657082,48.575367647058826,7.0611744013699616,1.440922190201729
3,2.1936529253658494,48.68659420289855,7.0895218242298474,1.4985590778097984
3,2.2067331897585016,48.660714285714285,7.108108971335671,1.440922190201729
3,2.215166723100763,48.811619718309856,7.157584831931374,1.3256484149855907
3,2.2226233049442894,49.001736111111114,7.171317473324862,1.2680115273775217
3,2.231494710947338,49.14383561643836,7.133636994795366,1.095100864553314
3,2.241842215939572,49.23986486486486,7.0955230192704635,0.9798270893371758
3,2.250956265549911,49.416666666666664,7.076756746118719,0.8645533141210374
3,2.2612255912078054,49.46546052631579,7.062597751617432,0.6340057636887608
3,2.2715561728728444,49.63474025974026,7.109112054651434,0.4610951008645533
3,2.2801323426397224,49.87980769230769,7.2060379808599295,0.2881844380403458
3,2.2923309614783838,49.84177215189873,7.317072963714599,0.23054755043227665
3,2.300525153310675,49.921875,7.4452619552612305,0.23054755043227665
3,2.3072339239873383,50.15432098765432,7.557008249109441,0.23054755043227665
3,2.317778157560449,50.266768292682926,7.653483590212735,0.4610951008645533
3,2.328231662198117,50.225903614457835,7.659633463079279,0.6340057636887608
3,2.3391793614939638,50.148809523809526,7.566082807020708,0.7492795389048992
3,2.346426795030895,50.330882352941174,7.486745383522727,0.9221902017291066
3,2.3529679932092367,50.58139534883721,7.436691804365679,0.9221902017291066
3,2.3651868487659256,50.610632183908045,7.308261533216997,0.8069164265129684
3,2.3702756699762846,50.92329545454545,7.266392846540971,0.7492795389048992
3,2.3804626458569578,51.01825842696629,7.279125092246316,0.69164265129683
3,2.389214302364149,51.111111111111114,7.259141081029719,0.69164265129683
3,2.399805602274443,51.167582417582416,7.236616758866743,0.6340057636887608
3,2.4100966334342955,51.18885869565217,7.20662205436013,0.69164265129683
3,2.4192967910515635,51.24327956989247,7.255790354988791,0.5187319884726225
3,2.4283360757325827,51.36303191489362,7.324378897927025,0.345821325648415
3,2.437336115460647,51.578947368421055,7.377804894880815,0.2881844380403458
3,2.447647081550799,51.595052083333336,7.3882674650712445,0.2881844380403458
3,2.4592270430765653,51.61082474226804,7.401699092171409,0.345821325648415
3,2.465323719852849,51.88137755102041,7.422490986910733,0.4034582132564842
3,2.472713851928711,51.98863636363637,7.41154988895763,0.6340057636887608
3,2.4813781399475903,52.03125,7.381900943409313,0.7492795389048992
3,2.490916895866394,52.073019801980195,7.308363316275857,0.69164265129683
3,2.49744810932561,52.17524509803921,7.24704478003762,0.8069164265129684
3,2.5062762022018434,52.275485436893206,7.227118362079967,0.8645533141210374
3,2.5161700675362035,52.22355769230769,7.193296770616011,0.9798270893371758
3,2.5256828257912085,52.32142857142857,7.114108961278742,1.2103746397694524
3,2.532949300188767,52.41745283018868,7.069545815207741,1.2103746397694524
3,2.5430665436543918,52.39485981308411,7.0118314482949,1.095100864553314
3,2.5533687792326276,52.45949074074074,6.956417976726185,0.8645533141210374
3,2.5639466222963834,52.46559633027523,6.894227920879017,0.5763688760806917
3,2.571973092305033,52.58522727272727,6.860012435913086,0.4610951008645533
3,2.5787366132987173,52.843468468468465,6.857180664756081,0.23054755043227665
3,2.5845773872576263,53.041294642857146,6.8646408167752355,0.1729106628242075
3,2.5911688848545675,53.152654867256636,6.876364031704989,0.1729106628242075
3,2.5972970868411815,53.28947368421053,6.861470673301003,0.1729106628242075
3,2.6051579876949913,53.34239130434783,6.840122881802645,0.2881844380403458
3,2.617292695296438,53.34051724137931,6.819745766032826,0.2881844380403458
3,2.6285847086655467,53.28525641025641,6.825349434939298,0.4034582132564842
3,2.6382031861104465,53.3103813559322,6.864647943323309,0.5187319884726225
3,2.6473999017163328,53.41386554621849,6.881521649794145,0.5187319884726225
3,2.6580032154133444,53.385416666666664,6.9224564292214135,0.5187319884726225
3,2.6678635277246174,53.40909090909091,6.967842136729847,0.6340057636887608
3,2.6739266772019237,53.560450819672134,6.99020279971036,0.69164265129683
3,2.6873201043982253,53.48069105691057,6.9358138084411625,0.69164265129683
3,2.699412088645132,53.42741935483871,6.878788141770796,0.6340057636887608
3,2.7086207835297835,53.475,6.824581102891401,0.4034582132564842
3,2.715596337694871,53.62103174603175,6.905186453732577,0.4034582132564842
3,2.7227851754740664,53.71555118110236,7.047756654565984,0.5763688760806917
3,2.735129946156552,53.5888671875,7.155517135966908,0.5763688760806917
3,2.74376462886208,53.633720930232556,7.184549349004572,0.5187319884726225
3,2.7518625767607436,53.70192307692308,7.188047521764582,0.5187319884726225
3,2.757863860381277,53.81679389312977,7.25889514576305,0.5763688760806917
3,2.7656905720108433,53.858901515151516,7.4844944953918455,0.6340057636887608
3,2.7736997635740983,53.92387218045113,7.618995545127175,0.6340057636887608
3,2.7818872414137186,54.03451492537314,7.68133937662298,0.69164265129683
3,2.7895610282295626,54.166666666666664,7.656923614848743,0.69164265129683
3,2.796311726695613,54.22794117647059,7.532563547654585,0.9221902017291066
3,2.805773297109102,54.31113138686131,7.291296534104781,0.8645533141210374
3,2.8138812046301993,54.37047101449275,7.024197387695312,1.037463976945245
3,2.8194244742393493,54.49640287769784,6.875384590842507,0.9221902017291066
3,2.8279931727208587,54.53125,6.7760561162775215,0.9221902017291066
3,2.834841697467001,54.60992907801418,6.758434347672896,0.9221902017291066
3,2.84337560816815,54.66549295774648,6.809722276167436,1.095100864553314
3,2.84869663840846,54.80769230769231,6.869234691966664,1.2103746397694524
3,2.8569549767594586,54.77430555555556,6.99069374257868,1.1527377521613833
3,2.8645261783348888,54.87068965517241,7.151555304093795,1.095100864553314
3,2.8709229425380105,55.029965753424655,7.3186970450661395,1.2103746397694524
3,2.8783620238304137,55.12329931972789,7.497362995147705,1.095100864553314
3,2.8849765269379866,55.19425675675676,7.634979274056175,0.8645533141210374
3,2.8948861542500945,55.20134228187919,7.681887305866589,0.8069164265129684
3,2.901617407798767,55.291666666666664,7.676108429648659,0.8069164265129684
3,2.9118503595653333,55.318708609271525,7.632098562067205,0.7492795389048992
3,2.9188991797597783,55.36595394736842,7.614894372766668,0.7492795389048992
3,2.9268668482178137,55.43300653594771,7.635517311096192,0.6340057636887608
3,2.932934328129417,55.580357142857146,7.650643114610152,0.6340057636887608
3,2.9400240113860683,55.66532258064516,7.700357350436124,0.69164265129683
3,2.949883228226712,55.66907051282051,7.76245587088845,0.6340057636887608
3,2.95680856453745,55.732484076433124,7.8596039685336025,0.4610951008645533
3,2.9626828344244704,55.83465189873418,7.968517988378351,0.4034582132564842
3,2.9717156855683577,55.87657232704402,8.039763285896996,0.4034582132564842
3,2.980439289620048,55.8984375,7.971658151799982,0.4034582132564842
3,2.9904475789321094,55.92003105590062,7.853119355982,0.4610951008645533
3,2.9955880943097566,56.01851851851852,7.780067253112793,0.5763688760806917
3,3.0019277748308686,56.058282208588956,7.716059632734819,0.6340057636887608
3,3.0113995043854964,56.11661585365854,7.628371611508456,0.69164265129683
3,3.015724418665233,56.28787878787879,7.570250259746205,0.5763688760806917
3,3.0280528237945155,56.28765060240964,7.444153560291637,0.69164265129683
3,3.037684617544475,56.3248502994012,7.306836587732488,0.5763688760806917
3,3.046059691278558,56.32440476190476,7.185832847248424,0.5763688760806917
3,3.0555003856357774,56.36094674556213,7.047428157112815,0.5763688760806917
3,3.0650652615647567,56.30514705882353,6.920754181254994,0.6340057636887608
3,3.0755904385918065,56.28654970760234,6.834505046497692,0.7492795389048992
3,3.080437267454047,56.41351744186046,6.806471235101873,0.9798270893371758
3,3.0870990640238714,56.520953757225435,6.784800364754417,1.095100864553314
3,3.0958001412843403,56.57327586206897,6.762252798947421,1.095100864553314
3,3.1021178389850417,56.642857142857146,6.806583352522416,1.1527377521613833
3,3.1108064990294606,56.65838068181818,6.909895411404697,1.2103746397694524
3,3.119858229787726,56.65607344632768,7.052687055414373,1.095100864553314
3,3.129829354662644,56.65379213483146,7.219694588401101,1.037463976945245
3,3.1395775544015985,56.68645251396648,7.314081356742165,1.037463976945245
3,3.146181531956321,56.770833333333336,7.353262225064364,0.9798270893371758
3,3.154461368134147,56.83701657458563,7.337013313987038,0.9798270893371758
3,3.1631407681264374,56.8853021978022,7.2674140670082785,0.9798270893371758
3,3.1712216546660974,56.915983606557376,7.209905832464044,0.9221902017291066
3,3.177373935674366,56.99728260869565,7.168635385686701,0.9221902017291066
3,3.186883182902085,57.027027027027025,7.1518790678544475,0.9798270893371758
3,3.197709696543844,57.006048387096776,7.135890787298029,0.9221902017291066
3,3.2065594146126193,57.00200534759358,7.113024989041415,0.9221902017291066
3,3.211867225797553,57.11436170212766,7.10874095396562,1.037463976945245
3,3.218919829318398,57.142857142857146,7.068309437144887,1.037463976945245
3,3.2240200723472396,57.20401778363247,7.068393247777766,1.1527377521613833
4,1.1002483970240542,15.625,7.290533395247026,0.0
4,1.1187154732252422,28.125,6.318439197540283,0.0
4,1.1366236987866853,30.208333333333332,9.533013222434304,0.0
4,1.1718813469535425,24.21875,10.315076446533203,0.0
4,1.201261944519846,23.75,14.893929186734287,0.0
4,1.2452400533776535,22.395833333333332,21.820904471657492,0.0
4,1.3064004170267205,21.875,23.280981514670632,0.0
4,1.3523189168227345,20.703125,24.18416174108332,0.0
4,1.4169341965725548,18.40277777777778,15.578683853149414,0.0
4,1.457686464410079,18.75,14.687937251004305,0.7492795389048992
4,1.5236317684775904,18.75,8.674741346185858,1.38328530259366
4,1.551371253164191,19.010416666666668,7.983514456315474,1.440922190201729
4,1.5883364024915194,17.78846153846154,5.291412327506325,0.0
4,1.6130833274439762,16.517857142857142,8.858336769450794,0.0
4,1.6413270398190147,16.875,5.941638695109974,0.0
4,1.663358261710719,16.40625,7.367839275706898,0.0
4,1.6924510453876696,16.176470588235293,10.722755241394044,0.0
4,1.7466414250825582,15.625,7.358701966025612,0.05763688760806916
4,1.777092507011012,15.625,11.82202827280218,2.5936599423631126
4,1.825604308278937,15.3125,5.107920412583785,0.0
4,1.8536271346242805,14.732142857142858,5.71526592428034,0.0
4,1.876425035376298,14.488636363636363,6.3029365712946115,0.0
4,1.8975762241765073,14.809782608695652,7.12510986328125,0.0
4,1.9241496161410683,14.973958333333334,5.062451024488969,0.0
4,1.9484374447872763,14.75,4.709174953807484,0.0
4,1.971322747280723,14.663461538461538,4.7155741951682355,0.0
4,1.995262504878797,14.467592592592593,4.711778276616877,0.0
4,2.019552022532413,14.620535714285714,4.735913944244385,0.0
4,2.043407304663407,14.439655172413794,4.933216355063698,0.0
4,2.0669380338568435,14.270833333333334,5.247596211866899,0.0
4,2.0889510305304277,14.314516129032258,5.693508997830477,0.0
4,2.1170071601867675,14.35546875,5.139340903542259,0.0
4,2.1390200363962273,14.583333333333334,4.89493763663552,0.0
4,2.1649510358509265,14.338235294117647,4.678929979150945,0.0
4,2.188493635779933,14.285714285714286,4.637222368066961,0.0
4,2.2128226029245477,13.975694444444445,4.68415805643255,0.11527377521613832
4,2.2371555880496374,14.358108108108109,4.621808424862948,0.0
4,2.2606866334614,14.0625,4.624075568806042,0.0
4,2.2845202922821044,13.942307692307692,4.626373828541149,0.0
4,2.308810171328093,13.828125,4.629600993069736,0.0
4,2.3331002812636528,13.490853658536585,4.635980424014005,0.0
4,2.357399476201911,13.69047619047619,4.637906837463379,0.0
4,2.3816895886471396,13.444767441860465,4.636454833637584,0.0
4,2.4044615645157665,13.494318181818182,4.6365524378689855,0.0
4,2.4279926099275286,13.333333333333334,4.636946972933683,0.0
4,2.452282722372758,13.111413043478262,4.635441858118231,0.0
4,2.475813725120143,13.09840425531915,4.634237852963534,0.0
4,2.4978349083348323,13.0859375,4.6332722837274725,0.0
4,2.520612658952412,13.201530612244898,4.633033006841486,0.0
4,2.5441435713517038,13.125,4.633012927662243,0.0
4,2.57026615895723,13.051470588235293,4.631948167627508,0.0
4,2.5930381373355265,12.98076923076923,5.315173877369274,0.0
4,2.6196234602677193,12.85377358490566,4.858790553699841,0.0
4,2.640877304579082,12.905092592592593,4.71454911665483,0.0
4,2.6644083499908446,12.897727272727273,4.663397026062012,0.0
4,2.6871803258594715,12.890625,4.635964610359886,0.0
4,2.70995320269936,13.103070175438596,4.622088016163219,0.0
4,2.7342433151445893,13.200431034482758,4.615508010170677,0.0
4,2.7577745964652616,13.082627118644067,4.615119483254173,0.0
4,2.7813056418770237,12.96875,4.615120688351718,0.0
4,2.805595754322253,12.90983606557377,4.6151209657842465,0.0
4,2.8292547301242226,12.903225806451612,4.625057419863614,0.0
4,2.851267641469052,12.996031746031745,4.69834996136752,0.0
4,2.874798686880814,13.037109375,4.9200999346646395,0.0
4,2.9333691421308017,13.125,4.6151213472539725,0.0
4,2.9576592545760305,13.068181818181818,4.6151213472539725,0.0
4,2.9819493670212593,13.013059701492537,4.6151213472539725,0.0
4,3.0062394794664886,12.913602941176471,4.6151213472539725,0.0
4,3.0305295919117174,12.952898550724637,4.6151213472539725,0.0
4,3.0548197043569463,12.946428571428571,4.6151213472539725,0.0
4,3.0791098168021755,12.808098591549296,4.6151213472539725,0.0
4,3.1033999292474044,12.71701388888889,4.6151213472539725,0.0
4,3.127690041692633,12.799657534246576,4.6151213472539725,0.0
4,3.1519801541378625,12.66891891891892,4.6151213472539725,0.0
4,3.1762702665830913,12.75,4.6151213472539725,0.0
4,3.20056037902832,12.705592105263158,4.6151213472539725,0.0
4,3.2248504914735494,12.702922077922079,4.6151213472539725,0.0
4,3.2491406039187782,12.580128205128204,4.6151213472539725,0.0
4,3.273430716364007,12.539556962025317,4.6151213472539725,0.0
4,3.2977208288092363,12.421875,4.6151213472539725,0.0
4,3.322010941254465,12.38425925925926,4.6151213472539725,0.0
4,3.346301053699694,12.461890243902438,4.6151213472539725,0.0
4,3.3705911661449233,12.349397590361447,4.6151213472539725,0.0
4,3.394881278590152,12.313988095238095,4.6151213472539725,0.0
4,3.419171391035381,12.205882352941176,4.6151213472539725,0.0
4,3.44346150348061,12.136627906976743,4.6151213472539725,0.0
4,3.467751615925839,12.033045977011493,4.6151213472539725,0.0
4,3.492041728371068,12.002840909090908,4.6151213472539725,0.0
4,3.516331840816297,12.008426966292134,4.6151213472539725,0.0
4,3.540621953261526,11.944444444444445,4.6151213472539725,0.0
4,3.564912065706755,11.916208791208792,4.6151213472539725,0.0
4,3.589202178151984,11.888586956521738,4.6151213472539725,0.0
4,3.613492290597213,11.827956989247312,4.6151213472539725,0.0
4,3.6377824030424417,11.868351063829786,4.6151213472539725,0.0
4,3.662072515487671,11.80921052631579,4.6151213472539725,0.0
4,3.6863626279329,11.71875,4.6151213472539725,0.0
4,3.7106527403781286,11.72680412371134,4.6151213472539725,0.0
4,3.734942852823358,11.670918367346939,4.6151213472539725,0.0
4,3.7592329652685867,11.553030303030303,4.6151213472539725,0.0
4,3.7835230777138156,11.46875,4.6151213472539725,0.0
4,3.807813190159045,11.478960396039604,4.6151213472539725,0.0
4,3.8321033026042737,11.397058823529411,4.6151213472539725,0.0
4,3.8563934150495025,11.28640776699029,4.6151213472539725,0.0
4,3.8806835274947318,11.298076923076923,4.6151213472539725,0.0
4,3.9049736399399606,11.25,4.6151213472539725,0.0
4,3.92926375238519,11.232311320754716,4.6151213472539725,0.0
4,3.9535538648304187,11.156542056074766,4.6151213472539725,0.0
4,3.9778439772756475,11.140046296296296,4.6151213472539725,0.0
4,4.002134089720877,11.095183486238533,4.6151213472539725,0.0
4,4.026424202166106,11.079545454545455,4.6151213472539725,0.0
4,4.0507143146113345,11.007882882882884,4.6151213472539725,0.0
4,4.075004427056563,10.993303571428571,4.6151213472539725,0.0
4,4.099294539501792,11.03429203539823,4.6151213472539725,0.0
4,4.123584651947022,11.019736842105264,4.6151213472539725,0.0
4,4.147874764392251,11.005434782608695,4.6151213472539725,0.0
4,4.1721648768374795,10.9375,4.6151213472539725,0.0
4,4.196454989282708,10.9241452991453,4.6151213472539725,0.0
4,4.220745101727937,10.884533898305085,4.6151213472539725,0.0
4,4.245035214173166,10.871848739495798,4.6151213472539725,0.0
4,4.269325326618396,10.807291666666666,4.6151213472539725,0.0
4,4.2936154390636245,10.743801652892563,4.6151213472539725,0.0
4,4.317905551508853,10.732581967213115,4.6151213472539725,0.0
4,4.342195663954082,10.645325203252032,4.6151213472539725,0.0
4,4.366485776399311,10.609879032258064,4.6151213472539725,0.0
4,4.39077588884454,10.55,4.6151213472539725,0.0
4,4.41506600128977,10.515873015873016,4.6151213472539725,0.0
4,4.439356113734998,10.48228346456693,4.6151213472539725,0.0
4,4.463646226180227,10.4736328125,4.6151213472539725,0.0
4,4.487936338625456,10.416666666666666,4.6151213472539725,0.0
4,4.512226451070685,10.360576923076923,4.6151213472539725,0.0
4,4.536516563515914,10.448473282442748,4.6151213472539725,0.0
4,4.560806675961143,10.416666666666666,4.6151213472539725,0.0
4,4.585096788406372,10.361842105263158,4.6151213472539725,0.0
4,4.609386900851601,10.307835820895523,4.6151213472539725,0.0
4,4.63367701329683,10.277777777777779,4.6151213472539725,0.0
4,4.657967125742059,10.271139705882353,4.6151213472539725,0.0
4,4.682257238187288,10.218978102189782,4.6151213472539725,0.0
4,4.706547350632517,10.235507246376812,4.6151213472539725,0.0
4,4.730837463077746,10.206834532374101,4.6151213472539725,0.0
4,4.755127575522975,10.267857142857142,4.6151213472539725,0.0
4,4.779417687968204,10.23936170212766,4.6151213472539725,0.0
4,4.803707800413433,10.211267605633802,4.6151213472539725,0.0
4,4.827997912858661,10.183566433566433,4.6151213472539725,0.0
4,4.852288025303891,10.13454861111111,4.6151213472539725,0.0
4,4.87657813774912,10.086206896551724,4.6151213472539725,0.0
4,4.900868250194349,10.038527397260275,4.6151213472539725,0.0
4,4.925158362639578,10.076530612244898,4.6151213472539725,0.0
4,4.9494484750848065,10.050675675675675,4.6151213472539725,0.0
4,4.973738587530035,9.983221476510067,4.6151213472539725,0.0
4,4.998028699975265,9.9375,4.6151213472539725,0.0
4,5.022318812420494,9.892384105960264,4.6151213472539725,0.0
4,5.046608924865723,9.930098684210526,4.6151213472539725,0.0
4,5.0708990373109515,9.88562091503268,4.6151213472539725,0.0
4,5.09518914975618,9.902597402597403,4.6151213472539725,0.0
4,5.11947926220141,9.879032258064516,4.6151213472539725,0.0
4,5.143769374646639,9.915865384615385,4.6151213472539725,0.0
4,5.168059487091868,9.89251592356688,4.6151213472539725,0.0
4,5.1923495995370965,9.909018987341772,4.6151213472539725,0.0
4,5.216639711982325,9.866352201257861,4.6151213472539725,0.0
4,5.240929824427554,9.8046875,4.6151213472539725,0.0
4,5.265219936872784,9.763198757763975,4.6151213472539725,0.0
4,5.289510049318013,9.760802469135802,4.6151213472539725,0.0
4,5.3138001617632415,9.720092024539877,4.6151213472539725,0.0
4,5.33809027420847,9.698932926829269,4.6151213472539725,0.0
4,5.362380386653699,9.696969696969697,4.6151213472539725,0.0
4,5.386670499098928,9.695030120481928,4.6151213472539725,0.0
4,5.410960611544158,9.69311377245509,4.6151213472539725,0.0
4,5.435250723989387,9.654017857142858,4.6151213472539725,0.0
4,5.459540836434615,9.596893491124261,4.6151213472539725,0.0
4,5.483830948879844,9.577205882352942,4.6151213472539725,0.0
4,5.508121061325073,9.521198830409357,4.6151213472539725,0.0
4,5.532411173770302,9.520348837209303,4.6151213472539725,0.0
4,5.556701286215532,9.483381502890174,4.6151213472539725,0.0
4,5.58099139866076,9.51867816091954,4.6151213472539725,0.0
4,5.605281511105989,9.5,4.6151213472539725,0.0
4,5.629571623551218,9.499289772727273,4.6151213472539725,0.0
4,5.653861735996447,9.498587570621469,4.6151213472539725,0.0
4,5.678151848441676,9.445224719101123,4.6151213472539725,0.0
4,5.7024419608869055,9.40991620111732,4.6151213472539725,0.0
4,5.726732073332134,9.39236111111111,4.6151213472539725,0.0
4,5.751022185777363,9.375,4.6151213472539725,0.0
4,5.775312298222592,9.35782967032967,4.6151213472539725,0.0
4,5.799602410667821,9.34084699453552,4.6151213472539725,0.0
4,5.82389252311305,9.341032608695652,4.6151213472539725,0.0
4,5.848182635558279,9.358108108108109,4.6151213472539725,0.0
4,5.872472748003508,9.341397849462366,4.6151213472539725,0.0
4,5.896762860448737,9.324866310160427,4.6151213472539725,0.0
4,5.921052972893966,9.341755319148936,4.6151213472539725,0.0
4,5.945343085339195,9.325396825396826,4.6151213472539725,0.0
4,5.969633192765086,9.303474394862507,4.6151213472539725,0.0
5,0.024290112445228978,6.25,4.6151213472539725,0.0
5,0.048580224890457956,6.25,4.6151213472539725,0.0
5,0.07287033733568693,8.333333333333334,4.6151213472539725,0.0
5,0.09716044978091591,7.8125,4.6151213472539725,0.0
5,0.12145056222614489,8.125,4.6151213472539725,0.0
5,0.14574067467137386,8.333333333333334,4.6151213472539725,0.0
5,0.17003078711660286,8.035714285714286,4.6151213472539725,0.0
5,0.19432089956183182,8.59375,4.6151213472539725,0.0
5,0.21861101200706082,9.375,4.6151213472539725,0.0
5,0.24290112445228978,9.375,4.6151213472539725,0.0
5,0.2671912368975188,9.375,4.6151213472539725,0.0
5,0.2914813493427477,9.114583333333334,4.6151213472539725,0.0
5,0.3157714617879767,8.653846153846153,4.6151213472539725,0.0
5,0.3400615742332057,8.258928571428571,4.6151213472539725,0.0
5,0.36435168667843465,9.583333333333334,4.6151213472539725,0.0
5,0.38864179912366364,9.5703125,4.6151213472539725,0.0
5,0.41293191156889264,9.558823529411764,4.6151213472539725,0.0
5,0.43722202401412164,9.027777777777779,4.6151213472539725,0.0
5,0.4615121364593506,8.881578947368421,4.6151213472539725,0.0
5,0.48580224890457957,8.59375,4.6151213472539725,0.0
5,0.5100923613498085,8.928571428571429,4.6151213472539725,0.0
5,0.5343824737950376,8.664772727272727,4.6151213472539725,0.0
5,0.5586725862402665,8.831521739130435,4.6151213472539725,0.0
5,0.5829626986854954,9.114583333333334,4.6151213472539725,0.0
5,0.6072528111307245,9.375,4.6151213472539725,0.0
5,0.6315429235759534,9.254807692307692,4.6151213472539725,0.0
5,0.6558330360211824,9.143518518518519,4.6151213472539725,0.0
5,0.6801231484664114,9.151785714285714,4.6151213472539725,0.0
5,0.7044132609116404,9.267241379310345,4.6151213472539725,0.0
5,0.7287033733568693,9.0625,4.6151213472539725,0.0
5,0.7529934858020984,9.173387096774194,4.6151213472539725,0.0
5,0.7772835982473273,9.1796875,4.6151213472539725,0.0
5,0.8015737106925562,9.280303030303031,4.6151213472539725,0.0
5,0.8258638231377853,9.191176470588236,4.6151213472539725,0.0
5,0.8501539355830142,9.285714285714286,4.6151213472539725,0.0
5,0.8744440480282433,9.20138888888889,4.6151213472539725,0.0
5,0.8987341604734722,9.121621621621621,4.6151213472539725,0.0
5,0.9230242729187011,9.210526315789474,4.6151213472539725,0.0
5,0.9473143853639302,8.974358974358974,4.6151213472539725,0.0
5,0.9716044978091591,8.75,4.6151213472539725,0.0
5,0.9958946102543881,8.841463414634147,4.6151213472539725,0.0
5,1.020184722699617,8.705357142857142,4.6151213472539725,0.0
5,1.044474835144846,8.720930232558139,4.6151213472539725,0.0
5,1.0687649475900751,8.877840909090908,4.6151213472539725,0.0
5,1.093055060035304,8.958333333333334,4.6151213472539725,0.0
5,1.117345172480533,9.035326086956522,4.6151213472539725,0.0
5,1.141635284925762,9.042553191489361,4.6151213472539725,0.0
5,1.1659253973709909,9.114583333333334,4.6151213472539725,0.0
5,1.19021550981622,9.183673469387756,4.6151213472539725,0.0
5,1.214505622261449,9.1875,4.6151213472539725,0.0
5,1.2387957347066778,9.313725490196079,4.6151213472539725,0.0
5,1.2630858471519069,9.194711538461538,4.6151213472539725,0.0
5,1.287375959597136,9.139150943396226,4.6151213472539725,0.0
5,1.3116660720423647,9.027777777777779,4.6151213472539725,0.0
5,1.3359561844875938,9.034090909090908,4.6151213472539725,0.0
5,1.3602462969328228,8.928571428571429,4.6151213472539725,0.0
5,1.3845364093780517,8.93640350877193,4.6151213472539725,0.0
5,1.4088265218232807,8.836206896551724,4.6151213472539725,0.0
5,1.4331166342685098,8.845338983050848,4.6151213472539725,0.0
5,1.4574067467137386,8.802083333333334,4.6151213472539725,0.0
5,1.4816968591589676,8.760245901639344,4.6151213472539725,0.0
5,1.5059869716041967,8.71975806451613,4.6151213472539725,0.0
5,1.5302770840494255,8.73015873015873,4.6151213472539725,0.0
5,1.5545671964946546,8.69140625,4.6151213472539725,0.0
5,1.5788573089398836,8.701923076923077,4.6151213472539725,0.0
5,1.6031474213851125,8.617424242424242,4.6151213472539725,0.0
5,1.6274375338303415,8.582089552238806,4.6151213472539725,0.0
5,1.6517276462755706,8.455882352941176,4.6151213472539725,0.0
5,1.6760177587207994,8.333333333333334,4.6151213472539725,0.0
5,1.7003078711660284,8.303571428571429,4.6151213472539725,0.0
5,1.7245979836112575,8.362676056338028,4.6151213472539725,0.0
5,1.7488880960564865,8.333333333333334,4.6151213472539725,0.0
5,1.7731782085017154,8.261986301369863,4.6151213472539725,0.0
5,1.7974683209469444,8.192567567567568,4.6151213472539725,0.0
5,1.8217584333921735,8.166666666666666,4.6151213472539725,0.0
5,1.8460485458374023,8.141447368421053,4.6151213472539725,0.0
5,1.8703386582826314,8.0762987012987,4.6151213472539725,0.0
5,1.8946287707278604,8.052884615384615,4.6151213472539725,0.0
5,1.9189188831730892,8.030063291139241,4.6151213472539725,0.0
5,1.9432089956183183,7.96875,4.6151213472539725,0.0
5,1.9674991080635473,7.986111111111111,4.6151213472539725,0.0
5,1.9917892205087762,8.003048780487806,4.6151213472539725,0.0
5,2.016079332954005,7.981927710843373,4.6151213472539725,0.0
5,2.040369445399234,7.924107142857143,4.6151213472539725,0.0
5,2.0646595578444633,7.867647058823529,4.6151213472539725,0.0
5,2.088949670289692,7.957848837209302,4.6151213472539725,0.0
5,2.113239782734921,8.045977011494253,4.6151213472539725,0.0
5,2.1375298951801502,8.025568181818182,4.6151213472539725,0.0
5,2.161820007625379,8.040730337078651,4.6151213472539725,0.0
5,2.186110120070608,7.986111111111111,4.6151213472539725,0.0
5,2.210400232515837,7.9326923076923075,4.6151213472539725,0.0
5,2.234690344961066,7.948369565217392,4.6151213472539725,0.0
5,2.258980457406295,7.93010752688172,4.6151213472539725,0.0
5,2.283270569851524,7.912234042553192,4.6151213472539725,0.0
5,2.307560682296753,7.927631578947368,4.6151213472539725,0.0
5,2.3318507947419818,7.877604166666667,4.6151213472539725,0.0
5,2.356140907187211,7.796391752577319,4.6151213472539725,0.0
5,2.38043101963244,7.748724489795919,4.6151213472539725,0.0
5,2.4047211320776687,7.670454545454546,4.6151213472539725,0.0
5,2.429011244522898,7.65625,4.6151213472539725,0.0
5,2.453301356968127,7.642326732673268,4.6151213472539725,0.0
5,2.4775914694133556,7.598039215686274,4.6151213472539725,0.0
5,2.501881581858585,7.615291262135922,4.6151213472539725,0.0
5,2.5261716943038137,7.632211538461538,4.6151213472539725,0.0
5,2.5504618067490425,7.619047619047619,4.6151213472539725,0.0
5,2.574751919194272,7.606132075471698,4.6151213472539725,0.0
5,2.5990420316395006,7.5642523364485985,4.6151213472539725,0.0
5,2.6233321440847295,7.581018518518518,4.6151213472539725,0.0
5,2.6476222565299588,7.597477064220183,4.6151213472539725,0.0
5,2.6719123689751876,7.5852272727272725,4.6151213472539725,0.0
5,2.6962024814204164,7.601351351351352,4.6151213472539725,0.0
5,2.7204925938656457,7.561383928571429,4.6151213472539725,0.0
5,2.7447827063108745,7.577433628318584,4.6151213472539725,0.0
5,2.7690728187561033,7.510964912280702,4.6151213472539725,0.0
5,2.7933629312013326,7.445652173913044,4.6151213472539725,0.0
5,2.8176530436465614,7.408405172413793,4.6151213472539725,0.0
5,2.8419431560917903,7.4252136752136755,4.6151213472539725,0.0
5,2.8662332685370195,7.494703389830509,4.6151213472539725,0.0
5,2.8905233809822484,7.484243697478991,4.6151213472539725,0.0
5,2.914813493427477,7.447916666666667,4.6151213472539725,0.0
5,2.9391036058727065,7.412190082644628,4.6151213472539725,0.0
5,2.9633937183179353,7.42827868852459,4.6151213472539725,0.0
5,2.987683830763164,7.41869918699187,4.6151213472539725,0.0
5,3.0119739432083934,7.434475806451613,4.6151213472539725,0.0
5,3.0362640556536222,7.475,4.6151213472539725,0.0
5,3.060554168098851,7.415674603174603,4.6151213472539725,0.0
5,3.0848442805440803,7.406496062992126,4.6151213472539725,0.0
5,3.109134392989309,7.4462890625,4.6151213472539725,0.0
5,3.133424505434538,7.461240310077519,4.6151213472539725,0.0
5,3.1577146178797673,7.427884615384615,4.6151213472539725,0.0
5,3.182004730324996,7.395038167938932,4.6151213472539725,0.0
5,3.206294842770225,7.362689393939394,4.6151213472539725,0.0
5,3.230584955215454,7.330827067669173,4.6151213472539725,0.0
5,3.254875067660683,7.369402985074627,4.6151213472539725,0.0
5,3.279165180105912,7.337962962962963,4.6151213472539725,0.0
5,3.303455292551141,7.329963235294118,4.6151213472539725,0.0
5,3.32774540499637,7.344890510948905,4.6151213472539725,0.0
5,3.3520355174415988,7.336956521739131,4.6151213472539725,0.0
5,3.376325629886828,7.306654676258993,4.6151213472539725,0.0
5,3.400615742332057,7.299107142857143,4.6151213472539725,0.0
5,3.4249058547772857,7.291666666666667,4.6151213472539725,0.0
5,3.449195967222515,7.262323943661972,4.6151213472539725,0.0
5,3.473486079667744,7.2770979020979025,4.6151213472539725,0.0
5,3.497776192112973,7.269965277777778,4.6151213472539725,0.0
5,3.522066304558202,7.262931034482759,4.6151213472539725,0.0
5,3.5463564170034307,7.298801369863014,4.6151213472539725,0.0
5,3.57064652944866,7.334183673469388,4.6151213472539725,0.0
5,3.594936641893889,7.326858108108108,4.6151213472539725,0.0
5,3.6192267543391177,7.277684563758389,4.6151213472539725,0.0
5,3.643516866784347,7.25,4.6151213472539725,0.0
5,3.6678069792295758,7.243377483443709,4.6151213472539725,0.0
5,3.6920970916748046,7.277960526315789,4.6151213472539725,0.0
5,3.716387204120034,7.291666666666667,4.6151213472539725,0.0
5,3.7406773165652627,7.2646103896103895,4.6151213472539725,0.0
5,3.7649674290104915,7.318548387096774,4.6151213472539725,0.0
5,3.789257541455721,7.311698717948718,4.6151213472539725,0.0
5,3.8135476539009496,7.285031847133758,4.6151213472539725,0.0
5,3.8378377663461785,7.298259493670886,4.6151213472539725,0.0
5,3.8621278787914077,7.272012578616352,4.6151213472539725,0.0
5,3.8864179912366366,7.24609375,4.6151213472539725,0.0
5,3.9107081036818654,7.220496894409938,4.6151213472539725,0.0
5,3.9349982161270947,7.272376543209877,4.6151213472539725,0.0
5,3.9592883285723235,7.266104294478527,4.6151213472539725,0.0
5,3.9835784410175523,7.221798780487805,4.6151213472539725,0.0
5,4.007868553462782,7.178030303030303,4.6151213472539725,0.0
5,4.03215866590801,7.172439759036145,4.6151213472539725,0.0
5,4.056448778353239,7.166916167664671,4.6151213472539725,0.0
5,4.080738890798468,7.1242559523809526,4.6151213472539725,0.0
5,4.105029003243697,7.100591715976331,4.6151213472539725,0.0
5,4.129319115688927,7.0588235294117645,4.6151213472539725,0.0
5,4.1536092281341555,7.017543859649122,4.6151213472539725,0.0
5,4.177899340579384,7.013081395348837,4.6151213472539725,0.0
5,4.202189453024613,7.062861271676301,4.6151213472539725,0.0
5,4.226479565469842,7.058189655172414,4.6151213472539725,0.0
5,4.250769677915071,7.071428571428571,4.6151213472539725,0.0
5,4.2750597903603005,7.066761363636363,4.6151213472539725,0.0
5,4.299349902805529,7.079802259887006,4.6151213472539725,0.0
5,4.323640015250758,7.092696629213483,4.6151213472539725,0.0
5,4.347930127695987,7.087988826815643,4.6151213472539725,0.0
5,4.372220240141216,7.118055555555555,4.6151213472539725,0.0
5,4.396510352586445,7.113259668508287,4.6151213472539725,0.0
5,4.420800465031674,7.108516483516484,4.6151213472539725,0.0
5,4.445090577476903,7.103825136612022,4.6151213472539725,0.0
5,4.469380689922132,7.167119565217392,4.6151213472539725,0.0
5,4.493670802367361,7.162162162162162,4.6151213472539725,0.0
5,4.51796091481259,7.174059139784946,4.6151213472539725,0.0
5,4.5422510272578185,7.169117647058823,4.6151213472539725,0.0
5,4.566541139703048,7.180851063829787,4.6151213472539725,0.0
5,4.590831252148277,7.175925925925926,4.6151213472539725,0.0
5,4.615121359574167,7.1628519677260005,4.6151213472539725,0.0
